https://www.nfl.com,,2018-07-06 11:06:41.941505
https://www.nfl.com/news,News,2018-07-06 11:06:41.950508
https://www.nfl.com/scores,Scores,2018-07-06 11:06:41.958503
https://www.nfl.com/schedules,Schedule,2018-07-06 11:06:41.966512
https://www.nfl.com/standings,Standings,2018-07-06 11:06:41.975537
/videos,Video,2018-07-06 11:06:41.984510
/draft/tracker/picks,Draft,2018-07-06 11:06:41.996504
/videos/nfl-network-shows,Top 100,2018-07-06 11:06:42.005502
https://www.nfl.com/freeagency,Free Agency,2018-07-06 11:06:42.015505
https://www.nfl.com/gamepass?icampaign=nfl-nav-gamepass,Game Pass,2018-07-06 11:06:42.026503
https://www.nfl.com/stats/player?seasonId=2017&seasonType=REG&Submit=Go,Stats,2018-07-06 11:06:42.036503
https://www.nfl.com/ways-to-watch,Ways to Watch,2018-07-06 11:06:42.051031
https://www.nfl.com/network?icampaign=network_nfl_nav,NFL Network,2018-07-06 11:06:42.061034
https://www.nfl.com/photoessays,Photos,2018-07-06 11:06:42.070036
http://fantasy.nfl.com?icampaign=fty-nav-hp,Fantasy,2018-07-06 11:06:42.079035
http://www.nfl.com/tickets,Tickets,2018-07-06 11:06:42.089035
http://www.nflshop.com/source/bm-nflcom-2017-Header-Shop-Tab,Shop,2018-07-06 11:06:42.096046
http://www.nfl.com/teams,Teams,2018-07-06 11:06:42.104032
http://www.nfl.com/videos/nfl-podcasts/0ap3000000937794/How-the-Broncos-can-go-from-worst-to-first-in-the-AFC-West,,2018-07-06 11:06:42.112030
http://www.nfl.com/videos/nfl-podcasts/0ap3000000937794/How-the-Broncos-can-go-from-worst-to-first-in-the-AFC-West,How Broncos can beat Chiefs,2018-07-06 11:06:42.123033
http://www.nfl.com/news/story/0ap3000000939539/article/jarvis-landry-tyrod-taylor-has-looked-amazing,Jarvis Landry: Tyrod Taylor has looked 'amazing',2018-07-06 11:06:42.131032
http://www.nfl.com/news/story/0ap3000000939497/article/falcons-sign-firstround-wide-receiver-calvin-ridley,Falcons sign rookie wide receiver Calvin Ridley,2018-07-06 11:06:42.142034
http://www.nfl.com/news/story/0ap3000000939508/article/titans-derrick-morgan-learned-a-lot-from-jared-allen,Titans LB Morgan 'learned a lot' from Jared Allen,2018-07-06 11:06:42.150030
http://www.nfl.com/news/story/0ap3000000939560/article/seven-firstyear-nfl-officials-among-2018-class,Seven first-year NFL officials among 2018 class,2018-07-06 11:06:42.160032
http://www.nfl.com/photoessays/0ap3000000939305,Oklahoma's Brown leads top 10 CFB WRs to watch,2018-07-06 11:06:42.175034
http://www.nfl.com/news/story/0ap3000000939538/article/janoris-jenkins-releases-statement-on-death-of-friend,Jenkins releases first statement on friend's death,2018-07-06 11:06:42.187052
http://www.nfl.com/news/story/0ap3000000939363/article/terrell-owens-to-hold-hof-event-at-ut-chattanooga,T.O. to celebrate HOF enshrinement at alma mater,2018-07-06 11:06:42.195030
http://www.nfl.com/news/story/0ap3000000938950/article/making-the-leap-redskins-offense-to-rise-with-alex-smith,Rosenthal: Redskins offense to rise with QB Smith,2018-07-06 11:06:42.205035
http://www.nfl.com/news/story/0ap3000000939413/article/packers-rb-aaron-jones-suspended-two-games,Packers back Aaron Jones suspended two games,2018-07-06 11:06:42.217031
http://www.nfl.com/news,GO TO NEWS,2018-07-06 11:06:42.236041
http://www.nfl.com/news/story/0ap3000000938339/article/msu-db-brandon-bryant-worked-out-for-14-teams-monday,Supp draft hopeful draws 14 clubs for workout,2018-07-06 11:06:42.248032
http://www.nfl.com/news/story/0ap3000000938341/article/nfl-supplemental-draft-to-take-place-on-july-11,2018 NFL Supplemental Draft to be held July 11,2018-07-06 11:06:42.260032
http://www.nfl.com/news/story/0ap3000000933939/article/nashville-tennessee-titans-to-host-2019-nfl-draft,It's official: Nashville chosen as host of 2019 draft,2018-07-06 11:06:42.275034
http://www.nfl.com/news/story/0ap3000000934753/article/seahawks-jim-nagy-named-senior-bowl-executive-director,Senior Bowl hires Seahawks' Nagy as director,2018-07-06 11:06:42.283035
http://www.nfl.com/news/story/0ap3000000932328/article/2018-nfl-draft-firstround-signing-tracker,2018 NFL Draft first-round pick signing tracker,2018-07-06 11:06:42.294030
http://www.nfl.com/news/story/0ap3000000930766/article/nfc-east-draft-grades-cowboys-enjoy-fruitful-weekend-in-dallas,"Draft grades: High marks for Cowboys, Cardinals",2018-07-06 11:06:42.304031
http://www.nfl.com/news/story/0ap3000000930789/article/2018-nfl-draft-class-power-rankings-teams-18,2018 draft class power rankings: Giants No. 1,2018-07-06 11:06:42.315031
http://www.nfl.com/news/story/0ap3000000930361/article/projecting-top-100-nfl-rookies-of-2018-players-125,Projecting top 100 rookies of 2018: Barkley No. 1,2018-07-06 11:06:42.325032
http://www.nfl.com/news/story/0ap3000000931599/article/top-150-college-football-players-to-watch-in-2018-nos-150,Top 150 CFB players to watch in 2018,2018-07-06 11:06:42.337076
https://www.nfl.com/draft/home,More draft news,2018-07-06 11:06:42.345034
/register?returnTo=%2F,Sign Up,2018-07-06 11:06:42.357032
/login?returnTo=%2F,Sign In,2018-07-06 11:06:42.367032
http://www.nfl.com/watch?icampaign=net-edi-HP_Promo_Pencil_Banner NFL Network,NetworkGOOD MORNING FOOTBALL | On NowNetwork | GOOD MORNING FOOTBALL | On Nowwatch,2018-07-06 11:06:42.377029
http://www.nfl.com/news/story/0ap3000000939509/article/ranking-divisions-by-quarterback-nfc-north-nfc-west-top-list,,2018-07-06 11:06:42.387046
http://www.nfl.com/news/story/0ap3000000939376/article/the-10-most-shocking-freeagent-signings-in-nfl-history,,2018-07-06 11:06:42.397032
http://www.nfl.com/videos/nfl-network-total-access/0ap3000000939545/Bettis-to-Bell-You-re-not-going-to-be-as-good-without-Steelers,,2018-07-06 11:06:42.406034
http://www.nfl.com/videos/washington-redskins/0ap3000000935010/Josh-Norman-makes-his-pick-for-2018-World-Cup-winner,,2018-07-06 11:06:42.425034
http://www.nfl.com/videos/nfl-in-motion/0ap3000000939549/NFL-N-Motion-Finding-the-fatal-flaw-in-each-NFC-North-QB,,2018-07-06 11:06:42.438039
http://www.nfl.com/photoessays/0ap3000000939398,,2018-07-06 11:06:42.449034
http://www.nfl.com/news/story/0ap3000000939283/article/2004-nfl-draft-qbs-who-has-enjoyed-most-skillposition-talent,,2018-07-06 11:06:42.459036
http://www.nfl.com/news/story/0ap3000000939066/article/patrick-mahomes-set-to-break-out-jimmy-garoppolo-overrated,,2018-07-06 11:06:42.473032
https://www.nfl.com/videos/analysis,MORE ANALYSIS,2018-07-06 11:06:42.485035
http://www.nfl.com/photoessays/0ap3000000939414,,2018-07-06 11:06:42.498031
http://www.nfl.com/videos/new-york-jets/0ap3000000939393/NFL-rookies-react-to-their-first-Madden-19-ratings,,2018-07-06 11:06:42.512031
http://www.nfl.com/photoessays/0ap3000000938753,,2018-07-06 11:06:42.523038
http://www.nfl.com/news/story/0ap3000000938768/article/the-19-best-99rated-madden-players-of-all-time,,2018-07-06 11:06:42.533031
/videos/nfl-features,MORE FEATURES,2018-07-06 11:06:42.544058
http://www.nfl.com/photoessays/0ap3000000939245,See Photos,2018-07-06 11:06:42.556036
http://www.nfl.com/news/story/0ap3000000939489/article/whos-on-the-nfls-mount-rushmore,,2018-07-06 11:06:42.564032
http://www.nfl.com/news/story/0ap3000000939542/article/marquise-goodwin-surprises-mom-and-sister-with-new-house,,2018-07-06 11:06:42.574034
http://www.nfl.com/news/story/0ap3000000939391/article/watch-marquette-king-workout-with-gucci-mane,,2018-07-06 11:06:42.583032
http://www.nfl.com/news/story/0ap3000000938720/article/saquon-barkley-buys-home-for-his-parents,,2018-07-06 11:06:42.595041
https://www.nfl.com/videos/nfl-features,More Featured,2018-07-06 11:06:42.604037
http://www.nfl.com/videos/affl/0ap3000000936315/Mike-Vick-Chad-Johnson-practice-for-the-2018-AFFL,,2018-07-06 11:06:42.615031
http://www.nfl.com/videos/affl/0ap3000000936321/Chad-Johnson-s-best-practice-highlights-2018-AFFL,,2018-07-06 11:06:42.626032
http://www.nfl.com/videos/affl/0ap3000000939129/Former-Navy-quarterback-Ricky-Dobbs-goes-OFF-with-four-TDs,,2018-07-06 11:06:42.640032
http://www.nfl.com/videos/affl/0ap3000000939156/To-the-house-Christopher-Linares-returns-INT-100-yards-for-the-score,,2018-07-06 11:06:42.651037
http://www.nfl.com/labs/rr/affl/affl,More AFFL,2018-07-06 11:06:42.663031
http://www.nfl.com/news/story/0ap3000000939170/article/kam-chancellor-believes-hes-played-his-last-game,,2018-07-06 11:06:42.678037
http://www.nfl.com/videos/nfl-game-highlights/0ap3000000939379/Best-plays-of-Kam-Chancellor-s-career,,2018-07-06 11:06:42.691034
http://www.nfl.com/videos/all-time-greats/0ap3000000923893/The-Legion-of-Boom-s-best-highlights-NFL-Legends,,2018-07-06 11:06:42.705036
http://www.nfl.com/videos/nfl-network-total-access/0ap3000000939337/Wyche-Hawks-have-been-planning-for-potential-Chancellor-retirement-for-a-while,,2018-07-06 11:06:42.714031
/videos/history,MORE NFL HISTORY,2018-07-06 11:06:42.724032
https://www.nfl.com/videos/nfl-network-shows,Top 100,2018-07-06 11:06:42.733031
http://www.nfl.com/news/story/0ap3000000938387/article/teambyteam-breakdown-of-top-100-players-of-2018,,2018-07-06 11:06:42.744033
http://www.nfl.com/videos/nfl-top100-2018/0ap3000000938479/Who-got-snubbed-from-this-year-s-Top-100,,2018-07-06 11:06:42.756030
http://www.nfl.com/videos/nfl-top100-2018/0ap3000000938473/Ramsey-I-m-not-sure-Wentz-is-worthy-of-top-three-selection-in-Top-100,,2018-07-06 11:06:42.767031
http://www.nfl.com/news/story/0ap3000000938153/article/top-100-players-of-2018-five-things-the-players-got-wrong,,2018-07-06 11:06:42.778030
https://www.nfl.com/videos/nfl-network-shows,Top 100,2018-07-06 11:06:42.789031
http://www.nfl.com/photoessays/0ap3000000939535/2018-college-football-season-top-10-defensive-backs-to-watch,,2018-07-06 11:06:42.797032
http://www.nfl.com/news/story/0ap3000000938205/article/18-for-18-college-football-games-with-most-nfl-talent,,2018-07-06 11:06:42.809033
http://www.nfl.com/photoessays/0ap3000000939305/2018-college-football-season-top-10-wide-receivers-to-watch,,2018-07-06 11:06:42.818036
http://www.nfl.com/photoessays/0ap3000000938945/18-for-18-college-footballs-most-freakish-athletes,,2018-07-06 11:06:42.828032
https://www.nfl.com/draft/home,More Draft News,2018-07-06 11:06:42.838031
https://www.seahawks.com/news/what-would-we-do-without-sandy,,2018-07-06 11:06:42.848034
https://www.49ers.com/news/finance-to-football-robert-saleh-s-story-of-pursuing-his-passion?sf193214998=1,,2018-07-06 11:06:42.860042
https://100.packers.com/moments/start-of-something-special,,2018-07-06 11:06:42.881032
https://www.patriots.com/news/gronk-gets-golden-cleats-for-his-99-madden-rating,,2018-07-06 11:06:42.898034
http://www.nfl.com/watch?icampaign=net-edi-HP_Promo_Pencil_Banner NFL Network,NetworkGOOD MORNING FOOTBALL | On NowNetwork | GOOD MORNING FOOTBALL | On Nowwatch,2018-07-06 11:06:42.911033
http://www.nfl.com/gamepass?icampaign=gpd-edi-NFL_WaysToWatch_Page_GP,Game Pass,2018-07-06 11:06:42.920036
http://startmoresmiles.com,Orthodontic Practices Learn More,2018-07-06 11:11:34.926220
https://orthofi.com/,Home,2018-07-06 11:11:34.935211
https://orthofi.com/about-us/,About Us,2018-07-06 11:11:34.945213
https://orthofi.com/careers/,Careers,2018-07-06 11:11:34.959214
https://orthofi.com/news/,News,2018-07-06 11:11:34.968211
https://orthofi.com/contact/,Contact Us,2018-07-06 11:11:34.980218
https://orthofi.com,"

",2018-07-06 11:11:34.990219
https://portal.orthofi.com/,Provider Login,2018-07-06 11:11:35.002211
https://portal.orthofi.com/,Patient Login,2018-07-06 11:11:35.013213
https://orthofi.com/,Home,2018-07-06 11:11:35.026213
https://orthofi.com/about-us/,About Us,2018-07-06 11:11:35.036215
https://orthofi.com/careers/,Careers,2018-07-06 11:11:35.048216
https://orthofi.com/news/,News,2018-07-06 11:11:35.065212
https://orthofi.com/contact/,Contact Us,2018-07-06 11:11:35.084215
,,2018-07-06 11:11:35.096215
,,2018-07-06 11:11:35.109214
https://orthofi.com/Account/Login?,Learn More,2018-07-06 11:11:35.118213
https://www.facebook.com/Orthofi,"



",2018-07-06 11:11:35.130210
https://twitter.com/OrthoFi,"



",2018-07-06 11:11:35.141212
https://www.linkedin.com/company/orthofi,"



",2018-07-06 11:11:35.152217
https://orthofi.com/terms-of-use/,Terms of Use,2018-07-06 11:11:35.162214
https://orthofi.com/privacy-policy/,Privacy Policy,2018-07-06 11:11:35.174214
https://orthofi.com/Account/Login?,Register/Login,2018-07-06 11:11:35.183220
https://orthofi.com/contact/,Contact Us,2018-07-06 11:11:35.194210
http://visiontrust.com/, VisionTrust Communications,2018-07-06 11:11:35.206222
http://startmoresmiles.com,Orthodontic Practices Learn More,2018-07-06 12:44:47.163857
https://orthofi.com/,Home,2018-07-06 12:44:47.174867
https://orthofi.com/about-us/,About Us,2018-07-06 12:44:47.183855
https://orthofi.com/careers/,Careers,2018-07-06 12:44:47.193852
https://orthofi.com/news/,News,2018-07-06 12:44:47.203856
https://orthofi.com/contact/,Contact Us,2018-07-06 12:44:47.213869
https://orthofi.com,"

",2018-07-06 12:44:47.222853
https://portal.orthofi.com/,Provider Login,2018-07-06 12:44:47.232852
https://portal.orthofi.com/,Patient Login,2018-07-06 12:44:47.247854
https://orthofi.com/,Home,2018-07-06 12:44:47.261857
https://orthofi.com/about-us/,About Us,2018-07-06 12:44:47.275850
https://orthofi.com/careers/,Careers,2018-07-06 12:44:47.283861
https://orthofi.com/news/,News,2018-07-06 12:44:47.293848
https://orthofi.com/contact/,Contact Us,2018-07-06 12:44:47.302879
,,2018-07-06 12:44:47.313865
,,2018-07-06 12:44:47.322856
https://orthofi.com/Account/Login?,Learn More,2018-07-06 12:44:47.333850
https://www.facebook.com/Orthofi,"



",2018-07-06 12:44:47.342885
https://twitter.com/OrthoFi,"



",2018-07-06 12:44:47.351887
https://www.linkedin.com/company/orthofi,"



",2018-07-06 12:44:47.361862
https://orthofi.com/terms-of-use/,Terms of Use,2018-07-06 12:44:47.372853
https://orthofi.com/privacy-policy/,Privacy Policy,2018-07-06 12:44:47.381849
https://orthofi.com/Account/Login?,Register/Login,2018-07-06 12:44:47.392855
https://orthofi.com/contact/,Contact Us,2018-07-06 12:44:47.403851
http://visiontrust.com/, VisionTrust Communications,2018-07-06 12:44:47.413855
